<Chart bgColor='FFFFFF' upperLimit='100' lowerLimit='0' showLimits='1' baseFontColor='666666'  majorTMNumber='11' majorTMColor='666666'  majorTMHeight='8' minorTMNumber='5' minorTMColor='666666' minorTMHeight='3' pivotRadius='20' showGaugeBorder='0' gaugeOuterRadius='100' gaugeInnerRadius='90' gaugeOriginX='170' gaugeOriginY='170' gaugeScaleAngle='320' displayValueDistance='10' placeValuesInside='1' gaugeFillMix='' pivotFillMix='{F0EFEA}, {BEBCB0}' pivotBorderColor='BEBCB0' pivotfillRatio='80,20'>
    <colorRange>
        <color minValue='0' maxValue='80' code='00FF00' alpha='0'/>
        <color minValue='80' maxValue='100' name='Danger' code='FF0000' alpha='50'/>
    </colorRange>
    <dials>
        <dial value='65' bordercolor='FFFFFF' bgColor='bebcb0, f0efea, bebcb0' borderAlpha='0' baseWidth='10' topWidth='3'/>
    </dials>
    <annotations>
        <annotationGroup xPos='170' yPos='170' fillRatio='10,125,254' fillPattern='radial' >
            <annotation type='circle' xPos='0' yPos='0' radius='150' borderColor= 'bebcb0' fillAsGradient='1' fillColor='f0efea, bebcb0'  fillRatio='85,15'/>
            <annotation type='circle' xPos='0' yPos='0' radius='120' fillColor='bebcb0, f0efea' fillRatio='85,15' />
            <annotation type='circle' xPos='0' color='FFFFFF' yPos='0' radius='100' borderColor= 'f0efea' />
        </annotationGroup>
    </annotations>
</Chart>