 {
    "chart": {
        "caption": "Cyber security level of Fortune 500 Company",
		"subCaption": "10 Samples with +/-5 ranks of Apple_Inc",
        "xAxisName": "Company",
        "yAxisName": "Cyber Resilience",
        "lineThickness": "2",
        "paletteColors": "#0075c2",
        "baseFontColor": "#333333",
        "baseFont": "Helvetica Neue,Arial",
        "captionFontSize": "14",
        "subcaptionFontSize": "14",
        "subcaptionFontBold": "0",
        "showBorder": "0",
        "bgImage": "background.jpg",
        "bgImageAlpha": "50",
        "showShadow": "0",
        "canvasBgColor": "#ffffff",
        "canvasBorderAlpha": "0",
        "divlineAlpha": "100",
        "divlineColor": "#999999",
        "divlineThickness": "1",
        "divLineDashed": "1",
        "divLineDashLen": "1",
        "showXAxisLine": "1",
        "xAxisLineThickness": "1",
        "xAxisLineColor": "#999999",
        "showAlternateHGridColor": "0"
    },
       "data": [
  {
    "label": "Berkshire_Hathaway",
    "value": 0.71
  },
  {
    "label": "Lockheed_Martin",
    "value": 1.91
  },
  {
    "label": "Walmart",
    "value": 2.33
  },
  {
    "label": "Caterpillar_Inc",
    "value": 3.83
  },
   {
    "label": "Sears_Holdings",
    "value": 4.64
  },
   {
    "label": "Apple_Inc",
    "value": 5.21
  },
    {
    "label": "Omnicom_Group",
    "value": 5.96
  },
  {
    "label": "Netflix",
    "value": 6.97
  },
  {
    "label": "Alaska_Air_Group",
    "value": 8.43
  },
  {
    "label": "PayPal",
    "value": 10.71
  }

]
}