{"chart":{"caption":"Customer Satisfaction Score","lowerlimit":"0","upperlimit":"10","lowerlimitdisplay":"Bad","upperlimitdisplay":"Good","palette":"1","tickvaluedistance":"10","showvalue":"0","gaugeinnerradius":"0","bgImage":"background.jpg","bgImageAlpha":"50","pivotfillcolor":"333333","pivotradius":"8","pivotfillmix":"333333, 333333","pivotfilltype":"radial","pivotfillratio":"0,100","showtickvalues":"1","showborder":"0"},"colorrange":{"color":[{"minvalue":"0","maxvalue":"4","code":"e44a00"},{"minvalue":"4","maxvalue":"8","code":"f8bd19"},{"minvalue":"9","maxvalue":"12","code":"6baa01"}]},"dials":{"dial":[{"value":"2.331100719","rearextension":"15","radius":"100","bgcolor":"333333","bordercolor":"333333","basewidth":"8"}]}}