{
    "chart": {
        "caption": "Correlation between Cyber Resilience and Numbers of subsidiaries",
        "xAxisName": "Cyber Resilience",
		"yAxisName": "Numbers of Subsidiaries",
        "paletteColors": "#0075c2",
		"bgImage": "background.jpg",
        "bgImageAlpha": "50",
        "showBorder": "0",
        "showCanvasBorder": "0",
        "usePlotGradientColor": "0",
        "plotBorderAlpha": "10",
        "placeValuesInside": "1",
        "valueFontColor": "#ffffff",
        "showAxisLines": "1",
        "axisLineAlpha": "25",
        "divLineAlpha": "10",
        "alignCaptionWithCanvas": "0",
        "showAlternateVGridColor": "0",
        "captionFontSize": "14",
        "subcaptionFontSize": "14",
        "subcaptionFontBold": "0",
        "toolTipColor": "#ffffff",
        "toolTipBorderThickness": "0",
        "toolTipBgColor": "#000000",
        "toolTipBgAlpha": "80",
        "toolTipBorderRadius": "2",
        "toolTipPadding": "5"
    },
    "data": [
        {
            "label": "10",
            "value": "1",
			"tooltext": "Companies: {br}Best_Buy{br}GameStop{br}Staples_Inc."
        },
        {
            "label": "8",
            "value": "2",
			"tooltext": "Companies: {br}U.S._Bancorp{br}Pfizer{br}Lithia_Motors"
        },
        {
            "label": "7",
            "value": "3",
			"tooltext": "Companies: {br}Simon_Property_Group{br}Johnson_&_Johnson{br}Express_Scripts_Holding"
        },
        {
            "label": "6",
            "value": "4",
			"tooltext": "Companies: {br}Omnicom_Group"
        },
		 {
            "label": "5",
            "value": "5",
			"tooltext": "Companies: {br}Apple_Inc{br}DuPont{br}Ralph_Lauren_Corporation"
        },
		 {
            "label": "4",
            "value": "7",
			"tooltext": "Companies: {br}Boeing"
        },
		 {
            "label": "3",
            "value": "9",
			"tooltext": "Companies: {br}Alphabet_Inc"
        },
		 {
            "label": "2",
            "value": "21",
			"tooltext": "Companies: {br}Amazon.com{br}Disney{br}Walmart"
        },
		{
            "label": "1",
            "value": "51",
			"tooltext": "Companies: {br}General_Motors{br}Ford_Motor{br}Time_Warner"
        }
    ]
}