{
    "chart": {
        "bgcolor": "CCCCCC,FFFFFF",
        "caption": "Population Distribution",
        "basefontcolor": "333333",
        "decimals": "0",
        "numbersuffix": "%",
        "pyramidyscale": "40",
        "chartbottommargin": "0",
        "captionpadding": "0",
        "showborder": "0"
    },
    "data": [
        {
            "value": "17",
            "name": " East Asia & Pacific",
            "color": "FFCC33",
            "legendItemId": "FCLEGEND_0",
            "cleanValue": 17
        },
        {
            "value": "21",
            "name": " Europe & Central Asia",
            "color": "339900",
            "legendItemId": "FCLEGEND_1",
            "cleanValue": 21
        },
        {
            "value": "20",
            "name": " Latin America & Carib.",
            "color": "0066CC",
            "issliced": "1",
            "legendItemId": "FCLEGEND_2",
            "cleanValue": 20
        },
        {
            "value": "14",
            "name": " Middle East & North Africa",
            "color": "D95000",
            "legendItemId": "FCLEGEND_3",
            "cleanValue": 14
        },
        {
            "value": "16",
            "name": " South Asia",
            "color": "9B72CF",
            "legendItemId": "FCLEGEND_4",
            "cleanValue": 16
        },
        {
            "value": "12",
            "name": " Sub-Saharan Africa",
            "color": "A10303",
            "legendItemId": "FCLEGEND_5",
            "cleanValue": 12
        }
    ]
}